RASopathies Gene	protein_change
MAP2K2	Pro128Gln
MAP2K2	Phe57Cys
BRAF	Gln257Arg
BRAF	Ser467Ala
BRAF	Gly596Val
BRAF	Glu257Lys
BRAF	Thr599Arg
BRAF	Lys601Gln
BRAF	Leu485Phe
BRAF	Lys499Glu
BRAF	Glu501Gly
HRAS	Gly12Val
HRAS	Gly12Ser
HRAS	Gly12Ala
HRAS	Gly12Cys
HRAS	Gly12Asp
HRAS	Gly12Glu
HRAS	Gly13Cys
HRAS	Gly13Asp
HRAS	Lys117Arg
HRAS	Ala146Thr
KRAS	Lys5Asn
KRAS	Val14Ile
KRAS	Gln22Glu
KRAS	Gln22Arg
KRAS	Pro34Leu
KRAS	Pro34Arg
KRAS	Thr58Ile
KRAS	Gly60Arg
KRAS	Asp153Val
KRAS	Phe156Leu
KRAS	Tyr71His
KRAS	Lys147Glu
PTPN11	Asp61Gly
PTPN11	Ala72Ser
PTPN11	Ile282Val
PTPN11	Asn308Asp
PTPN11	Asp61Tyr
PTPN11	Glu76Lys
PTPN11	Thr73Ile
PTPN11	Thr42Ala
PTPN11	Glu139Asp
PTPN11	Thr468Met
PTPN11	Ala72Val
RAF1	Ser257Leu
RAF1	Pro261Ser
RAF1	Pro261Ala
RAF1	Val263Ala
RAF1	Leu613Val
RAF1	Asp486Asn
RAF1	Thr491Ile
SHOC2	Ser2Gly
SOS1	Arg552Gly
SOS1	Trp729Leu
SOS1	Met269Arg
SOS1	Asp309Tyr
SOS1	Glu846Lys
SOS1	Tyr337Cys
